title,company,location,link
Full Stack Warrior (m/w/d),Breuninger GmbH & Co.,"Stuttgart, Deutschland",https://stackoverflow.com/jobs/432953
Architecte Front-End / React,Mirakl,"Paris, France",https://stackoverflow.com/jobs/387180
Ingénieur DevOps / SRE Senior,Mirakl,"Bordeaux, France",https://stackoverflow.com/jobs/335852
Data/BI Engineer - FT CRM-on-site,leboncoin,"Paris, France",https://stackoverflow.com/jobs/460964
Cloud Operations Engineer (SRE) /  Ingénieur Opérations Cloud,BuyCo,"Marseille, France",https://stackoverflow.com/jobs/460884
Junior bis Senior Java-EE Entwickler (m/w/d) mit Spaß am Teamwork,SCT GmbH Supply Chain Technologies,"Herzogenrath, Deutschland",https://stackoverflow.com/jobs/282845
Projektleiter (m/w/d) in der Softwareentwicklung,ADWEKO Consulting GmbH,"Frankfurt am Main, Deutschland",https://stackoverflow.com/jobs/425722
Senior Inhouse Developer (m/w/d) SAP HANA,ADWEKO Consulting GmbH,"Frankfurt am Main, Deutschland",https://stackoverflow.com/jobs/425720
Data Engineer,KLAXIT,"Paris, France",https://stackoverflow.com/jobs/472408
.Net Developer,Smals,"Brussels Hoofdstedelijk Gewest, Belgium",https://stackoverflow.com/jobs/472397
System Engineer VoIP (gn*),4Com GmbH & Co. KG,"Hannover, Deutschland",https://stackoverflow.com/jobs/472018
Application-Manager (m/w/d),Gesellschaft zur Verwertung von Leistungsschutzrechten mbH,"Berlin, Deutschland",https://stackoverflow.com/jobs/460055
"Full Stack Entwickler mit Schwerpunkt C#, .NET, Javascript",The Project Group Informationstechnologie GmbH,"München, Deutschland",https://stackoverflow.com/jobs/297934
Infrastructure Engineer,"CompanyCam, Inc",No office location,https://stackoverflow.com/jobs/469794
Software Support Engineer (m/w/d),AKDB Anstalt für kommunale Datenverarbeitung in Bayern,"München, Deutschland",https://stackoverflow.com/jobs/470990
Back-End Entwickler (w/m),Startups.ch,"Winterthur, Schweiz",https://stackoverflow.com/jobs/457891
Programador backend senior,Afterbanks,No office location,https://stackoverflow.com/jobs/392603
Test Automation Engineer,Smals,"Brussels Hoofdstedelijk Gewest, Belgium",https://stackoverflow.com/jobs/422162
Développeur Java Fullstack (H/F) 80-100%,Softcom Technologies SA,"Lausanne, Switzerland",https://stackoverflow.com/jobs/349980
Développeur PHP/Symfony (H/F),CAPGEMINI FRANCE,"Issy-les-Moulineaux, France",https://stackoverflow.com/jobs/468278
DÉVELOPPEUR BLOCKCHAIN (F/H),Octo Technology,"Paris, France",https://stackoverflow.com/jobs/445877
CONSULTANT TECHNIQUE IAM (F/H),Octo Technology,"Paris, France",https://stackoverflow.com/jobs/445875
Product Oger (m/w/d),Breuninger GmbH & Co.,"Stuttgart, Deutschland",https://stackoverflow.com/jobs/432950
CONSULTANT DATA ENGINEER (F/H),Octo Technology,"Paris, France",https://stackoverflow.com/jobs/445449
Wirtschaftsinformatiker (m/w/d) BI Entwicklung,ante-holz GmbH,"Bromskirchen, Deutschland",https://stackoverflow.com/jobs/456755
Full Stack Developer Mobile Gaming (m/w/d),Lotum GmbH,"Bad Nauheim, Deutschland",https://stackoverflow.com/jobs/372990
DevOps Specialist,Octave Group,"Montreal, QC, Canada",https://stackoverflow.com/jobs/456739
Web Entwickler (m/w/d) mit React Erfahrung als Verstärkung gesucht,Bolinda Labs GmbH,"Darmstadt, Germany",https://stackoverflow.com/jobs/235595
"Développeuse / Développeur Full Stack (Java, Angular) - Paris",Zenika,"Paris, France",https://stackoverflow.com/jobs/352667
Ingénieur(e) Infra / DevOps / SRE (H/F),Deeplink Medical,"Lyon, France",https://stackoverflow.com/jobs/372316
Senior Software Testmanager (m/w/d),imbus AG,"Möhrendorf, Deutschland",https://stackoverflow.com/jobs/466846
DevOps Engineer als Hadoop Platform Creator (m/w/d),Helios IT Service GmbH,"Berlin, Deutschland",https://stackoverflow.com/jobs/466811
Software Developer (gn) JavaScript,4Com GmbH & Co. KG,"Hamm, Deutschland",https://stackoverflow.com/jobs/466451
Solution Engineer (m/w/d) - Cloud AWS,Deloitte Deutschland,"Leipzig, Deutschland",https://stackoverflow.com/jobs/456039
Développeur Java fullstack,Mirakl,"Paris, France",https://stackoverflow.com/jobs/335854
Architecte logiciel,Mirakl,"Paris, France",https://stackoverflow.com/jobs/335851
Software Developer (m/w/d),HABA Group B.V. & Co. KG,"Bad Rodach, Deutschland",https://stackoverflow.com/jobs/466267
Developpeur back end confirmé H/F - Montpellier,CAPGEMINI FRANCE,"Montpellier, France",https://stackoverflow.com/jobs/466265
Architecte de Solutions - Orienté Livraison,HaysviaHays PLC,"Montreal, QC, Canada",https://stackoverflow.com/jobs/398165
Consultante / Consultant DevOps / Cloud - Lyon,Zenika,"Lyon, France",https://stackoverflow.com/jobs/352628
Software Developer - Music Systems,Octave Group,"Montreal, QC, Canada",https://stackoverflow.com/jobs/455769
Java Developer,Octave Group,"Montreal, QC, Canada",https://stackoverflow.com/jobs/455768
Mobile Development Team Lead,Octave Group,"Montreal, QC, Canada",https://stackoverflow.com/jobs/455750
Software Support Engineer (m/w/d),AKDB Anstalt für kommunale Datenverarbeitung in Bayern,"München, Deutschland",https://stackoverflow.com/jobs/455729
"Werksstudent Web Entwickler (m/w/d) mit React, HTML, Javascript",Bolinda Labs GmbH,"Darmstadt, Germany",https://stackoverflow.com/jobs/396057
(Senior) Software Developer (m/w/d) ERP,ADULO Solutions GmbH,"Hettstadt, Deutschland",https://stackoverflow.com/jobs/442995
Développeur / Développeuse Java à Lille,Zenika,"Lille, France",https://stackoverflow.com/jobs/359535
Senior Consultant (M/W/D) OneSumX im Bereich Risk Management,ADWEKO Consulting GmbH,"Walldorf, Deutschland",https://stackoverflow.com/jobs/408783
(Senior) Web/Mobile Developer (m/w/d),Lotum GmbH,"Frankfurt am Main, Deutschland",https://stackoverflow.com/jobs/372988
Développeuse / Développeur Full Stack (JavaScript) - Paris,Zenika,"Paris, France",https://stackoverflow.com/jobs/371046
Senior Manager IT Business Systems (m/w/d),Fresenius SE & Co. KGaA,"Schweinfurt, Deutschland",https://stackoverflow.com/jobs/428067
Développeuse / Développeur Back-end (Java) - Paris,Zenika,"Paris, France",https://stackoverflow.com/jobs/371045
Test Developer,Smals,"Brussels Hoofdstedelijk Gewest, Belgium",https://stackoverflow.com/jobs/441735
Webentwickler (m/w/d) im Raum München,enowa AG,"München, Deutschland",https://stackoverflow.com/jobs/370737
Back-End Entwickler (w/m),Startups.ch,"Winterthur, Schweiz",https://stackoverflow.com/jobs/454672
Senior Softwareentwickler Testautomation (w/m/d),MENTZ GmbH,"München, Deutschland",https://stackoverflow.com/jobs/454417
"Backend Entwickler (m/w/d) mit Spring Boot, Java 11, AWS und Docker gesucht",Bolinda Labs GmbH,"Darmstadt, Germany",https://stackoverflow.com/jobs/264821
Full Stack Entwickler (m/w/d) mit React und Spring Boot als Verstärkung gesucht,Bolinda Labs GmbH,"Darmstadt, Germany",https://stackoverflow.com/jobs/252224
Software Developer (gn) PHP (German speaking),4Com GmbH & Co. KG,"Hannover, Deutschland",https://stackoverflow.com/jobs/397820
Java Software Engineer,Smals,"Sint-Gillis, Belgium",https://stackoverflow.com/jobs/440222
Data/BI Engineer - FT CRM-on-site F/H,leboncoin,"Paris, France",https://stackoverflow.com/jobs/462205
Java Application Engineer,Smals,"Brussel, Belgium",https://stackoverflow.com/jobs/452349
Mathematiker (m/w/d),Qoniac GmbH,"Dresden, Deutschland",https://stackoverflow.com/jobs/451869
Client Engineer (React & React Native),"CompanyCam, Inc","Lincoln, NE",https://stackoverflow.com/jobs/399500
Backend Engineer (Ruby on Rails),"CompanyCam, Inc","Lincoln, NE",https://stackoverflow.com/jobs/399501
Leiter/in (m/w/d) der IT-Gruppe Systemtechnik,Landwirtschaftskammer Nordrhein-Westfalen,"Münster, Deutschland",https://stackoverflow.com/jobs/461332
